USE `9shoes` ;
insert into Brand(BrandId,BrandName) values (1,'Nike');
insert into Brand(BrandId,BrandName) values (2,'Adidas');
insert into Brand(BrandId,BrandName) values (3,'Converse');
insert into Size(SizeId,SizeValue) values (1,'EU 40');
insert into Size(SizeId,SizeValue) values (2,'EU 40.5');
insert into Size(SizeId,SizeValue) values (3,'EU 41');
insert into Size(SizeId,SizeValue) values (4,'EU 41.5');
insert into Size(SizeId,SizeValue) values (5,'EU 42');
insert into Size(SizeId,SizeValue) values (6,'EU 42.5');
insert into Product(ProductId,ProductName,Descript,Price,ImagePath,ManuDate,BrandId) values (1,'Nike Air Max 90 SE','Nike Air Max 90 SE เจริญรอยตามต้นแบบรุ่น OG พร้อมๆ กับเป็นก้าวย่างใหม่ไปสู่อนาคต ไม่มีคู่ไหนที่ทะยานเท่า สบายเท่า และผ่านการพิสูจน์มาเท่ากับคู่นี้รองเท้าผลิตด้วยวัสดุรีไซเคิลอย่างน้อย 20% ตามน้ำหนัก โดยมีการใช้ไม้ก๊อก 9% ในพื้นรองเท้าชั้นนอกลายวาฟเฟิลอันเป็นเอกลักษณ์ พร้อมเย็บติดส่วนหุ้มชั้นนอกด้วยเดนิมรีไซเคิล 100% และกราฟิกลายพืชพรรณแบบปักมาพร้อมกับระบบลดแรงกระแทก Max Air ที่เพิ่มความสบายให้กับการเดินทาง',5000,'test','2021-03-02-',1);
insert into Product(ProductId,ProductName,Descript,Price,ImagePath,ManuDate,BrandId) values (2,'Nike Air Force 1 07 EMB','ความเบิกบานดำรงอยู่ใน Nike Air Force 1 07 EMB รองเท้าบาสรุ่นไอคอนที่ใส่ลูกเล่นฉบับ Sports Specialties ให้กับสิ่งที่คุณรู้จักดีที่สุด ไม่ว่าจะเป็นส่วนหุ้มชั้นนอกแบบเย็บติด สีสันสะดุดตา และความวิบวับที่ลงตัวซึ่งทำให้คุณเปล่งประกายSwoosh แบบมีเท็กซ์เจอร์และแผงด้านหลังผสานกับตัวอักษร “NIKE” แบบปักเป็นการใช้ลูกเล่นคารวะหมวกทีมโปรดของคุณ ขณะที่การลงแบรนดิ้ง Sports Specialties อันสดใหม่ก็เป็นการแต่งแต้มลุคจากยุค 90 ที่กลายเป็นตำนานขึ้นมาได้ด้วยวัฒนธรรมฮิปฮอป',3800,'test','2020-12-30',1);
insert into Product(ProductId,ProductName,Descript,Price,ImagePath,ManuDate,BrandId) values (3,'YEEZY SLIDE','None',2100,'test','2020-04-01',2);
insert into Product(ProductId,ProductName,Descript,Price,ImagePath,ManuDate,BrandId) values (4,'4D FUSIO SHOES','The future is here. Lace into these bold running-inspired shoes and embrace it. Their digitally printed adidas 4D midsole is precision crafted with light, oxygen and liquid resin for controlled energy return. An adidas Primeknit upper and a crisscross lacing system add foot-hugging comfort. Bright colours stand out along the way.',7300,'test','2020-03-21',2);
insert into Product(ProductId,ProductName,Descript,Price,ImagePath,ManuDate,BrandId) values (5,'RUN STAR HIKE PLATFORM COLOR OX','RUN STAR HIKE PLATFORM COLOR OX',2990,'test','2021-04-10',3);
insert into Product(ProductId,ProductName,Descript,Price,ImagePath,ManuDate,BrandId) values (6,'RUN STAR HIKE PLATFORM COLOR HI','RUN STAR HIKE PLATFORM COLOR HI',3190,'test','2021-04-26',3);
insert into Product_has_Size(SizeId,ProductId) values (1,1);
insert into Product_has_Size(SizeId,ProductId) values (1,2);
insert into Product_has_Size(SizeId,ProductId) values (1,3);
insert into Product_has_Size(SizeId,ProductId) values (1,4);
insert into Product_has_Size(SizeId,ProductId) values (2,1);
insert into Product_has_Size(SizeId,ProductId) values (2,2);
insert into Product_has_Size(SizeId,ProductId) values (2,3);
insert into Product_has_Size(SizeId,ProductId) values (3,4);
insert into Product_has_Size(SizeId,ProductId) values (3,5);
insert into Product_has_Size(SizeId,ProductId) values (4,3);
insert into Product_has_Size(SizeId,ProductId) values (4,4);
insert into Product_has_Size(SizeId,ProductId) values (4,6);
insert into Product_has_Size(SizeId,ProductId) values (5,1);
insert into Product_has_Size(SizeId,ProductId) values (6,3);
insert into Product_has_Size(SizeId,ProductId) values (6,4);