USE `9shoes` ;
insert into Brand(BrandId,BrandName) values (1,'Nike');
insert into Brand(BrandId,BrandName) values (2,'Adidas');
insert into Brand(BrandId,BrandName) values (3,'Converse');
insert into Size(SizeId,SizeValue) values (1,'EU 40');
insert into Size(SizeId,SizeValue) values (2,'EU 40.5');
insert into Size(SizeId,SizeValue) values (3,'EU 41');
insert into Size(SizeId,SizeValue) values (4,'EU 41.5');
insert into Size(SizeId,SizeValue) values (5,'EU 42');
insert into Size(SizeId,SizeValue) values (6,'EU 42.5');
insert into Size(SizeId,SizeValue) values (7,'EU 43');
insert into Size(SizeId,SizeValue) values (8,'EU 43.5');
insert into Size(SizeId,SizeValue) values (9,'EU 44');
insert into Size(SizeId,SizeValue) values (10,'EU 44.5');
insert into Size(SizeId,SizeValue) values (11,'EU 45');
insert into Size(SizeId,SizeValue) values (12,'EU 45.5');
insert into Size(SizeId,SizeValue) values (13,'EU 46');
insert into Size(SizeId,SizeValue) values (14,'EU 46.5');
insert into Size(SizeId,SizeValue) values (15,'EU 47');
insert into Product(ProductId,ProductName,Descript,Price,ImagePath,ManuDate,BrandId) values (1,'Nike Air Max 90 SE','Nike Air Max 90 SE เจริญรอยตามต้นแบบรุ่น OG พร้อมๆ กับเป็นก้าวย่างใหม่ไปสู่อนาคต ไม่มีคู่ไหนที่ทะยานเท่า สบายเท่า และผ่านการพิสูจน์มาเท่ากับคู่นี้รองเท้าผลิตด้วยวัสดุรีไซเคิลอย่างน้อย 20% ตามน้ำหนัก โดยมีการใช้ไม้ก๊อก 9% ในพื้นรองเท้าชั้นนอกลายวาฟเฟิลอันเป็นเอกลักษณ์ พร้อมเย็บติดส่วนหุ้มชั้นนอกด้วยเดนิมรีไซเคิล 100% และกราฟิกลายพืชพรรณแบบปักมาพร้อมกับระบบลดแรงกระแทก Max Air ที่เพิ่มความสบายให้กับการเดินทาง',5000,'test','2021-03-02-',1);
insert into Product(ProductId,ProductName,Descript,Price,ImagePath,ManuDate,BrandId) values (2,'Nike Air Force 1 ''07 EMB','ความเบิกบานดำรงอยู่ใน Nike Air Force 1 ''07 EMB รองเท้าบาสรุ่นไอคอนที่ใส่ลูกเล่นฉบับ Sports Specialties ให้กับสิ่งที่คุณรู้จักดีที่สุด ไม่ว่าจะเป็นส่วนหุ้มชั้นนอกแบบเย็บติด สีสันสะดุดตา และความวิบวับที่ลงตัวซึ่งทำให้คุณเปล่งประกายSwoosh แบบมีเท็กซ์เจอร์และแผงด้านหลังผสานกับตัวอักษร “NIKE” แบบปักเป็นการใช้ลูกเล่นคารวะหมวกทีมโปรดของคุณ ขณะที่การลงแบรนดิ้ง Sports Specialties อันสดใหม่ก็เป็นการแต่งแต้มลุคจากยุค 90 ที่กลายเป็นตำนานขึ้นมาได้ด้วยวัฒนธรรมฮิปฮอป',3800,'test','2020-12-30',1);
insert into Product(ProductId,ProductName,Descript,Price,ImagePath,ManuDate,BrandId) values (3,'YEEZY SLIDE','None',2100,'test','2020-04-01',2);
insert into Product(ProductId,ProductName,Descript,Price,ImagePath,ManuDate,BrandId) values (4,'4D FUSIO SHOES','The future is here. Lace into these bold running-inspired shoes and embrace it. Their digitally printed adidas 4D midsole is precision crafted with light, oxygen and liquid resin for controlled energy return. An adidas Primeknit upper and a crisscross lacing system add foot-hugging comfort. Bright colours stand out along the way.',7300,'test','2020-03-21',2);
insert into Product(ProductId,ProductName,Descript,Price,ImagePath,ManuDate,BrandId) values (5,'RUN STAR HIKE PLATFORM COLOR OX','RUN STAR HIKE PLATFORM COLOR OX',2990,'test','2021-04-10',3);
insert into Product(ProductId,ProductName,Descript,Price,ImagePath,ManuDate,BrandId) values (6,'RUN STAR HIKE PLATFORM COLOR HI','RUN STAR HIKE PLATFORM COLOR HI',3190,'test','2021-04-26',3);
insert into Product(ProductId,ProductName,Descript,Price,ImagePath,ManuDate,BrandId) values (7,'ALL STAR CX PULL TAB OX','ALL STAR CX PULL TAB OX',3190,'test','2021-01-02',3);
insert into Product(ProductId,ProductName,Descript,Price,ImagePath,ManuDate,BrandId) values (8,'ALL STAR CX PULL TAB HI','ALL STAR CX PULL TAB HI',3390,'test','2021-01-16',3);
insert into Product(ProductId,ProductName,Descript,Price,ImagePath,ManuDate,BrandId) values (9,'ULTRABOOST 6.0 DNA X PARLEY SHOES','Every run is a chance to push your boundaries. We approach each version of the Ultraboost with the same mentality. These adidas running shoes are made with the oceans in mind. The adidas Primeknit upper is built with Primeblue, and the cage plus heel counter are made with recycled fishing nets. Wear these everyday trainers for a stroll along the boardwalk or while picking up trash on the shore.',6000,'test','2021-04-06',2);
insert into Product(ProductId,ProductName,Descript,Price,ImagePath,ManuDate,BrandId) values (10,'ULTRABOOST 21 PRIMEBLUE SHOES','The definition of best never rests. When we dropped the first adidas Ultraboosts, they were the best running shoes we ever made. With each new update, we raise the bar. Now you get the cushioning you did not know you needed with the energy return you have always wanted. This version features 6% more Boost capsules and a supportive adidas Primeknit+ upper. It gives you an extra push of energy in each step that comes from the Linear Energy Push system, which offers forefoot and midfoot support.',6500,'test','2021-05-01',2);
insert into Product(ProductId,ProductName,Descript,Price,ImagePath,ManuDate,BrandId) values (11,'SUPERSTAR THE SIMPSONS SQUISHEE SHOES','A Squishee-inspired design on the adidas Superstar shoes. A lace jewel honours the favourite beverage, and the sockliner calls out the Kwik-E-Mart. A transparent tongue completes the look.',3200,'test','2021-04-20',2);
insert into Product(ProductId,ProductName,Descript,Price,ImagePath,ManuDate,BrandId) values (12,'ULTRABOOST 6.0 DNA SHOES','Every run is a chance to push your boundaries. We approach each version of the Ultraboost with the same mentality. These adidas running shoes are made with the oceans in mind. The adidas Primeknit upper is built with Primeblue, and the cage plus heel counter are made with recycled fishing nets. Wear these everyday trainers for a stroll along the boardwalk or while picking up trash on the shore.',6000,'test','2021-04-15',2);
insert into Product(ProductId,ProductName,Descript,Price,ImagePath,ManuDate,BrandId) values (13,'Nike Air Max 95 SE','Nike Air Max 95 SE รองเท้าที่นำแรงบันดาลใจมาจากร่างกายมนุษย์และความสวยงามของสไตล์ลู่วิ่งยุค 90 มีส่วนผสมของความสบายอันเหลือเชื่อ สไตล์ที่ใครก็ต้องเหลียวมอง และดีไซน์ที่เป็นมิตรต่อสิ่งแวดล้อมแผงด้านข้างอันดูดีมีเอกลักษณ์จะตัดเย็บด้วยเดนิมและตาข่ายรีไซเคิล ซึ่งถือว่าในตอนนี้ได้มีส่วนประกอบเป็นวัสดุรีไซเคิลอย่างน้อย 20% ตามน้ำหนักแล้วกราฟิกไม้ก๊อกแบบปักที่ลิ้นรองเท้ายกย่องให้กับพืชที่ใช้ในดีไซน์Air แบบมองเห็นได้ที่ส้นและปลายเท้าลดแรงกระแทกในทุกย่างก้าว',6100,'test','2021-05-05',1);
insert into Product(ProductId,ProductName,Descript,Price,ImagePath,ManuDate,BrandId) values (14,'Nike Air Force 1 ''07 LV8','Nike Air Force 1 ''07 LV8 ปรับโฉมรองเท้ารุ่นออริจินัลปี 82 ซึ่งได้แรงบันดาลใจจากบาสเก็ตบอลด้วยวัสดุรีไซเคิลอย่างน้อย 20% ตามน้ำหนักและพื้นรองเท้าชั้นนอกแบบผสมไม้ก๊อก โดยเพิ่มลูกเล่นแบบธรรมชาติให้กับรุ่นคลาสสิกที่พวกเราทุกคนต่างรู้จักและหลงรักด้วยลวดลายต้นทับทิมที่ประกอบด้วยสีย้อมจากพืช ดีไซน์พืชพรรณแบบปัก และภาพอินโฟกราฟิกทางวิทยาศาสตร์',3800,'test','2021-05-01',1);
insert into Product(ProductId,ProductName,Descript,Price,ImagePath,ManuDate,BrandId) values (15,'Air Jordan 1 Mid','รองเท้า Air Jordan 1 Mid ได้แรงบันดาลใจจาก AJ1 รุ่นแรก และเป็นการให้โอกาสแฟนของ Jordan เรโทรได้ตามรอยความยิ่งใหญ่ สีสันสดใสแต่งแต้มวัสดุคลาสสิกส่วนต่างๆ ให้สะอาดตา พร้อมเติมความสดใหม่บางอย่างลงในดีไซน์ที่คุ้นเคย',4200,'test','2021-03-02',1);
insert into Product(ProductId,ProductName,Descript,Price,ImagePath,ManuDate,BrandId) values (16,'Nike Waffle One','Nike Waffle One นำทุกองค์ประกอบที่คุณรักที่สุดในรองเท้าวิ่งระดับตำนานของ Nike มาใช้อย่างสมดุลกันผ่านนวัตกรรมใหม่ๆ เพื่อสร้างลุคใหม่ให้กับแฟรนไชส์ Waffle ระดับไอคอนส่วนคาดหลังส้นพลาสติกทนทานโฉมใหม่ช่วยส่งพลัง ขณะที่ตาข่ายโปร่งใสผสมกับหนังกลับงามหยดก็ช่วยให้คุณพร้อมลุยหน้าร้อนมาพร้อมพื้นรองเท้าชั้นกลางสปริงตัวได้ดีแบบใหม่ที่โดดเด่นด้วยทรงหนาคลาสสิก และพื้นรองเท้าชั้นนอกลายวาฟเฟิลปรับโฉมใหม่ที่ให้ระดับการรองรับและการยึดเกาะที่ไม่น่าเชื่อจนกว่าจะได้ลอง',3600,'test','2021-05-06',1);
insert into Product(ProductId,ProductName,Descript,Price,ImagePath,ManuDate,BrandId) values (17,'ULTRABOOST 21 X PARLEY SHOES','Raise your own bar. That''s what adidas did when we updated the legendary Ultraboost running shoes with even more energy-returning benefits than before. The responsive Boost midsole, foot-hugging upper and grippy yet flexible sole are still here. Now, a Linear Energy Push system gives extra propulsion to each step with increased forefoot and midfoot stiffness. This version is made using recycled materials, part of adidas commitment to help end plastic waste. This product is made with Primeblue, a high-performance recycled material made in part with Parley Ocean Plastic. 50% of the upper is textile, 92% of the textile is Primeblue yarn. No virgin polyester.',6500,'test','2021-05-01',2);
insert into Product(ProductId,ProductName,Descript,Price,ImagePath,ManuDate,BrandId) values (18,'AS DISRUPT CX STRETCH CANVAS HI','AS DISRUPT CX STRETCH CANVAS HI',4500,'test','2021-05-06',3);
insert into Product_has_Size(SizeId,ProductId) values (1,1);
insert into Product_has_Size(SizeId,ProductId) values (1,2);
insert into Product_has_Size(SizeId,ProductId) values (1,3);
insert into Product_has_Size(SizeId,ProductId) values (1,4);
insert into Product_has_Size(SizeId,ProductId) values (2,1);
insert into Product_has_Size(SizeId,ProductId) values (2,2);
insert into Product_has_Size(SizeId,ProductId) values (2,3);
insert into Product_has_Size(SizeId,ProductId) values (3,4);
insert into Product_has_Size(SizeId,ProductId) values (3,5);
insert into Product_has_Size(SizeId,ProductId) values (4,3);
insert into Product_has_Size(SizeId,ProductId) values (4,4);
insert into Product_has_Size(SizeId,ProductId) values (4,6);
insert into Product_has_Size(SizeId,ProductId) values (5,1);
insert into Product_has_Size(SizeId,ProductId) values (6,3);
insert into Product_has_Size(SizeId,ProductId) values (6,7);
insert into Product_has_Size(SizeId,ProductId) values (7,8);
insert into Product_has_Size(SizeId,ProductId) values (8,9);
insert into Product_has_Size(SizeId,ProductId) values (9,10);
insert into Product_has_Size(SizeId,ProductId) values (10,11);
insert into Product_has_Size(SizeId,ProductId) values (11,12);
insert into Product_has_Size(SizeId,ProductId) values (12,13);
insert into Product_has_Size(SizeId,ProductId) values (13,14);
insert into Product_has_Size(SizeId,ProductId) values (14,15);
insert into Product_has_Size(SizeId,ProductId) values (15,16);
insert into Product_has_Size(SizeId,ProductId) values (1,17);
insert into Product_has_Size(SizeId,ProductId) values (1,18);
insert into Product_has_Size(SizeId,ProductId) values (2,18);